ID, Name, Survival Rules, Birth Rules, Strength, ImagePath
1, Bulbasaur, {(1,2),(-1,4)}{(1,3),(-1,4)}{(1,2),(-1,5)}{(1,3),(-1,5)}{(1,2),(-1,6)}{(1,3),(-1,6)}{(1,2),(-1,7)}{(1,3),(-1,7)}{(1,2),(-1,8)}{(1,3),(-1,8)}{(1,2),(-1,9)}{(1,3),(-1,9)}{(1,2),(-1,10)}{(1,3),(-1,10)}{(1,2),(-1,11)}{(1,3),(-1,11)}{(1,2),(-1,12)}{(1,3),(-1,12)}{(1,4),(-1,4)}{(1,4),(-1,5)}{(1,4),(-1,6)}{(1,4),(-1,7)}{(1,4),(-1,8)}{(1,4),(-1,9)}{(1,4),(-1,10)}{(1,4),(-1,11)}{(1,4),(-1,12)}, {(1,3),(-1,4)}{(1,3),(-1,5)}{(1,3),(-1,6)}{(1,3),(-1,7)}{(1,3),(-1,8)}{(1,3),(-1,9)}{(1,3),(-1,10)}{(-1,11)}, 1, species/bulbasaur.png
2, Ponyta, {(2,1),(1,1)}{(2,2),(1,0)}{(2,2),(1,2)}{(2,3),(1,1)}{(2,3),(1,2)}{(2,4)}, {(2,2),(1,1)}{(2,2),(1,2)}{(2,2),(1,3)}{(2,3),(1,2)}{(2,3),(1,3)}, 5, species/ponyta.png
3, Sylveon, {(3,4),(2,3)}{(3,3),(2,2)}{(3,4),(1,4)}{(3,3),(1,5)},{(3,2),(2,1)}{(3,2),(1,2)}{(3,2),(1,3)}{(1,7)}{(2,5)}, 10, species/sylveon.png
4, Caterpie,, {(1,4),(-1,4)}{(1,4),(-1,5)}{(1,4),(-1,6)}{(1,4),(-1,7)}{(1,4),(-1,8)}{(1,4),(-1,9)}{(1,4),(-1,10)}{(1,4),(-1,11)}{(1,4),(-1,12)}{(1,5),(-1,4)}{(1,5),(-1,5)}{(1,5),(-1,6)}{(1,5),(-1,7)}{(1,5),(-1,8)}{(1,5),(-1,9)}{(1,5),(-1,10)}{(1,5),(-1,11)}{(1,5),(-1,12)} ,0, species/caterpie.png
5,metapod, ,{(4,1),(1,3),(-1,2)}{(4,1),(1,4),(-1,4)}{(4,1),(1,5),(-1,5)}{(4,1),(1,6),(-1,6)}{(4,1),(1,7),(-1,7)}{(4,1),(1,8),(-1,8)}{(4,1),(1,9),(-1,9)}{(4,1),(1,10),(-1,10)}{(4,1),(1,11),(-1,11)}{(4,1),(1,12),(-1,12)},2, species/metapod.png
6, Butterfree, {(6,2)}{(6,3)},{(5,1),(1,4)},7, species/butterfree.png
8,dratini,, {(2,5)}{(10,2)} ,3,species/dratini.png
9,Dragonair,, {(8,1),(2,3)} ,4,species/dragonair.png
10,dragonite,{(2,3)}{(10,2)}, {(9,1),(2,4)},9,species/dragonite.png
-1,Ground,{(-1,-1)},,100,species/ground.png